IP,Date,Time,Accepted cookies,Device type,Browser language,Browser name,OS Name
103.147.176.215,2024-04-04,13:46:50 UTC,["necessary"],desktop,en,Firefox,OS X,India,MH,Maharashtra,Badlapur,421503,19.1573,73.2631
103.147.176.215,2024-04-04,14:01:59 UTC,["necessary"],desktop,en,Chrome,Windows,India,MH,Maharashtra,Badlapur,421503,19.1573,73.2631
2409:40c2:201b:6d32:8000::,2024-04-04,14:19:38 UTC,["necessary"],mobile,en,Chrome,Android,India,MH,Maharashtra,Chikalthān,431007,19.8811,75.3932
2401:4900:57a8:bba9:cc90:8259:dfc6:40b3,2024-04-04,15:38:13 UTC,["necessary"],mobile,en,Chrome,Android,India,MH,Maharashtra,Chinchvad,412303,18.6263,73.7885
2405:201:3:602c:c1c9:a977:5f17:3a82,2024-09-03,17:03:24 UTC,["necessary"],desktop,en,Chrome,Windows,India,MH,Maharashtra,Mumbai,400017,19.0748,72.8856
103.49.254.87,2025-01-15,09:33:59 UTC,["necessary"],desktop,en,Chrome,Windows,India,MH,Maharashtra,Mumbai,400017,19.0748,72.8856
103.49.254.87,2025-01-15,09:34:24 UTC,["necessary"],mobile,en,Firefox Mobile,Android,India,MH,Maharashtra,Mumbai,400017,19.0748,72.8856
110.226.183.10,2025-06-17,15:02:55 UTC,["necessary"],desktop,en,Chrome,Windows,India,MH,Maharashtra,Mumbai,400104,19.0748,72.8856
103.137.152.132,2025-08-11,13:35:04 UTC,["necessary"],desktop,en,Firefox,Windows,India,MH,Maharashtra,Thāne,400603,19.1963,72.9675
59.95.99.187,2025-08-18,07:05:55 UTC,["necessary"],desktop,en,Edge,Windows,India,MH,Maharashtra,Mumbai,400017,19.0748,72.8856
2405:201:3022:6057:5910:900f:3c40:98d,2025-08-23,12:37:37 UTC,["necessary"],desktop,en,Chrome,Windows,India,MP,Madhya Pradesh,Indore,452001,22.717,75.8337
115.98.233.160,2025-09-22,19:13:17 UTC,["necessary"],desktop,en,Chrome,Windows,India,MH,Maharashtra,Mumbai,400034,19.0748,72.8856
